,Date,Global Equities,Hedge Funds,Risk Premia,Trend Following,Risk Free Returns,GE,HF,RP,TF,PV,Portfolio Return
0,2003-01-31,-0.05162684676028384,0.012701014032572067,0.051056132343930916,0.11209854830339339,1.1544506999250359e-05,23742.07945217978,25319.550361932303,26309.54910729144,27965.577340533317,103336.75626193684,
1,2003-02-28,-0.017150095317359226,0.006695660968949024,0.06060339402160686,0.07407595641868636,1.4497321729534107e-05,23338.372230220633,25489.650317367046,27953.302533228023,30115.811402224557,106897.13648304026,0.033873897419041205
2,2003-03-31,-0.004280210000634277,0.004702005385202712,0.01671194211942373,-0.09117534637512081,1.0700054430934358e-05,23238.692573114127,25609.78500606623,28424.381868614342,27491.44823988182,104764.30768767653,-0.020153892418351405
3,2003-04-30,0.08925563243709167,0.01829000000000014,0.026482372357842898,0.007641417959394214,1.2525074527536262e-05,28636.278977907885,26674.5193227237,26893.944496621854,26391.980504022726,108596.72330127616,0.03592809648620276
4,2003-05-30,0.05815459917080856,0.027222107651062588,0.03564737891595038,0.07354844770720992,7.738917140232004e-06,30350.986128831686,27410.629740886867,27869.93553784343,28406.234420529043,114037.78582809103,0.04888861324305312
5,2003-06-30,0.019182113754936836,0.008613684381602038,0.03323888892187665,-0.05361547376014009,6.05835054434678e-06,30938.80194832478,27647.75605364269,28811.86891801036,26923.329251194784,114321.7561711726,0.002487047284891564
6,2003-07-31,0.022189331022343994,0.003658698413300021,-0.03289709925266893,-0.015362179277602861,5.641681368517837e-06,29221.708221112603,28685.197773211836,27655.522451403187,28144.736453686644,113707.16489941426,-0.005390480795753304
7,2003-08-29,0.023726282988672853,0.007847914777878495,0.032246109540635004,0.028622523450748227,8.47225563482823e-06,29923.321160028623,28911.202433415605,28561.839525714862,28961.94939009776,116358.31250925685,0.023047916598009897
8,2003-09-30,0.006416873576722271,0.007084024400528133,0.026993429025373272,-0.04374242722637922,1.0838944390689775e-05,30115.952714085925,29116.737244174205,29343.321501562525,27722.391698784864,116298.40315860751,-0.0005150021292228059
9,2003-10-31,0.06065270661875943,0.010597813444987558,0.03615483749381809,0.03258098019813449,5.355568964970914e-06,30892.6309402551,29384.366505202885,30145.022111317536,30037.480387967058,120459.49994474257,0.035154267326954265
10,2003-11-28,0.015181836825998607,0.001252140608025254,0.02456962132487761,-0.0014139918489078918,9.430596843884587e-06,31365.216100639016,29421.18290859177,30894.84763401226,29995.037649451468,121676.28429269452,0.010050514378425482
11,2003-12-31,0.0636575426225865,0.01788505747126501,0.015292060725211831,0.041756282357547914,8.30281037211833e-06,33426.76926634457,29952.116189276527,31370.924339679772,31274.036191276122,126023.84598657698,0.03510703213572061
12,2004-01-30,0.017035106709784475,0.011328424951442928,0.018750970755155194,0.013901550838397725,4.080563317243602e-06,32047.26641600369,31864.903703231,32102.30237180519,31947.0016907662,127961.47418180609,0.015258092753569753
13,2004-02-27,0.01837866109481756,0.004421656289918419,0.04232694281228078,0.06879831188225749,2.975003993599401e-06,32641.69796050449,32006.111310808214,33490.26150930623,34222.27146359874,132360.34224421767,0.033798833096847364
14,2004-03-31,-0.0053378396677282725,0.0024545551563437407,0.008944491205889804,-0.019591439312586223,1.1863953578217235e-05,32467.92600632404,32084.76857116121,33791.15853819768,33558.33290129387,131902.1860169768,-0.0034674358812351934
15,2004-04-30,-0.022984459861092987,-0.01233144073811221,0.002020475125005028,-0.07667922733373267,3.400054605084968e-05,32226.265277266517,32571.407436454247,33042.24012940607,30541.51923884855,128381.43208197538,-0.027054862030758534
16,2004-05-31,0.008371221291079367,-0.0061618611335668705,0.019834547849611583,-0.024559963809502205,7.1944655979372385e-06,32497.170798293813,32371.32402308255,33704.16077028817,29800.556880832246,128373.21247249677,-6.402695846594836e-05
17,2004-06-30,0.020237204530720643,-0.0017081811937381675,0.03666595915688009,-0.04596246835207918,1.4138872352909004e-06,33161.52232597985,32316.07513715802,34962.891419953055,28461.850517953066,128902.339401044,0.004113314854322452
18,2004-07-30,-0.03176590922739109,-0.009180209134941553,0.049801937631643645,-0.018808247672179257,6.085730508775811e-05,31217.998028824488,31931.101021569826,33871.116658904306,31625.1424045797,128645.35811387832,-0.0019956021733403754
19,2004-08-31,0.006493797605873208,-0.0024944947505961546,0.024259443128110014,-0.002204285527980132,0.0001315304876072787,31421.38103902533,31851.54832083936,34702.85910034227,31555.50833573734,129531.2967959443,0.006863069473180801
20,2004-09-30,0.021151114120769865,0.007474717866040592,0.03521540584705751,0.021552403859131042,0.00013620325687835333,32093.056557570824,32090.521674685853,35946.70713301177,32242.987195074867,132373.27256034332,0.021703228203993397
21,2004-10-29,0.024590223075807716,0.0016275094559210501,0.00873872573144352,0.051145976097944246,0.00017537575254844562,33917.17815238824,33147.22168064936,33383.77885067332,34829.94026120971,135278.11894492063,0.021707045347057065
22,2004-11-30,0.05490327379999682,0.01923513339324434,0.03925619451586737,0.06336820198548176,0.0001838522668962117,35831.41024940435,33790.98449437622,34720.36190859531,37108.48208865473,141451.23874103063,0.044622255565190005
23,2004-12-31,0.03919622478227014,0.0124151689496097,0.015477367216317761,0.006201690238978985,0.00012885512658522558,37263.75411957112,34213.12029730957,35261.921849982,37339.33249125795,144078.12875812064,0.01840065810606975
24,2005-01-31,-0.02109687269784022,-0.009456701502515985,0.05872564129059077,-0.06091253182510059,0.0001598177232884357,35267.59238260109,35680.51175938257,38198.14649775149,33890.97722205245,143037.2278617876,-0.007250782186852214
25,2005-02-28,0.034989788281714285,0.008792106642037334,0.026987627463602948,0.008567316605569975,0.0001590731851455196,36523.44078434071,35995.6017464657,39243.06029783729,34182.57929401852,145944.68212266223,0.020122729264214927
26,2005-03-31,-0.02157832167328333,-0.009666258770501313,0.03842065470574507,0.004197333420369542,0.0001664048464984358,35743.76849284124,35649.3351925998,40780.143156692495,34326.35650584774,146499.6033479813,0.0037950605904042293
27,2005-04-29,-0.02141267387580159,-0.01757442685322641,-0.0020326316637505615,-0.038236297863627144,0.00018176301676353646,35849.00047613414,35986.86219989953,36550.53151219982,35250.935289707384,143637.32947794086,-0.01973114351759781
28,2005-05-31,0.01932902842856543,0.0014206087806285517,0.04861704430155256,0.029412639385103967,0.00017359212967194004,36548.66697885783,36038.021782600284,38371.41465853558,36303.15678750313,147261.26020749682,0.02491671219444626
29,2005-06-30,0.010592141145079337,0.009144055008899477,0.05714261253748121,0.03616490846334108,0.00018237972308443595,36937.8531368495,36369.06667589433,40627.91471823184,37640.08638686867,151574.92091784434,0.028871740613523714
30,2005-07-29,0.03722858871831369,0.016689797197475764,0.029504288537230527,0.002836898307619906,0.00026561419579018697,39331.04899921586,38531.47602245101,39028.414494905024,38001.38351713386,154892.32303370576,0.02165015518362535
31,2005-08-31,0.008047604452367185,0.004262476992312081,0.012029594550207356,0.016589062743861183,0.00030359397686186007,39648.84676446247,38696.06608395267,39500.74577817875,38637.04882075741,156482.7074473513,0.01021532292590254
32,2005-09-30,0.03035755057053313,0.011058202450168197,0.06867756238476752,-2.672694940464293e-05,0.00030952071380108137,40870.94473186698,39126.34971375981,42308.885139497346,38636.016184108106,160942.19576923223,0.028099759696582453
33,2005-10-31,-0.026765226957364163,-0.01851787603864885,0.03142682494135007,-0.004487139642719518,0.0002871085906774873,39172.91953791755,39497.32826935978,41520.10350913416,40055.410870192616,160245.76218660412,-0.004336617589913899
34,2005-11-30,0.036948208410413574,0.01687890490371924,0.05973402387376492,0.04239258092371334,0.00046507283981855885,40647.35996445014,40169.65805037835,44075.83864234887,41789.96956556206,166682.82622273942,0.03938411195274667
35,2005-12-30,0.025016085051625447,0.014773744448983273,0.013640563515741944,-0.02394553569128899,0.00044115074621053907,41677.023152627546,40767.51976688115,44681.17711178513,40801.17224520272,167926.89227649657,0.007435957280169789
36,2006-01-31,0.04930010459036094,0.024518493778314054,0.03803807560385031,0.01611149295497971,0.0005659030941491672,44103.293541334446,43023.774245168956,43609.38738410219,42663.589497816145,173400.04466842173,0.032072602279133416
37,2006-02-28,-0.00114519057440432,0.001713588337568961,0.0014251523820452139,-0.018738064494308815,0.0006024926217091942,44052.81577411898,43097.562486232455,43671.58171408424,41871.59975682832,172693.559731264,-0.004082629147003669
38,2006-03-31,0.021554916969178217,0.011507297412318707,0.018045913440752237,0.03599573595412919,0.0006229485862159212,45012.67827509965,43596.36337643595,44466.82919992171,43406.25360319297,176482.1244546503,0.021700900564305913
39,2006-04-28,0.03372960773682809,0.011541380675818447,0.018352809201458653,0.041383481302636804,0.0006560557525776556,45634.08155992422,44632.69280023066,44937.742931315246,45984.699130103276,181189.2164215734,0.02632228644868079
40,2006-05-31,-0.03864950595436922,-0.0131386861313868,0.0012814795487559039,-0.021284279104792803,0.0005988067893925031,43903.9956941687,44050.11340288083,44995.36664376773,45016.290458305935,177965.7661991232,-0.01795067274445963
41,2006-06-30,-2.365627433420503e-05,-0.004908928630458331,0.021359698258287096,-0.01813554708288323,0.0006572088307712498,43902.95710148685,43834.40442318749,45966.79183979466,44207.253739055726,177911.40710352472,-0.00030549358092725384
42,2006-07-31,0.006994783668110793,-0.0056972012291331975,0.04956711287923432,-0.027864583951728195,0.0007508606004695828,44790.05535238383,44225.17296853615,46738.04332409374,43255.60275338548,179008.8743983992,0.006149668766152865
43,2006-08-31,0.026400685785490374,0.00762587284086691,0.031623458502593405,0.008830367180835852,0.0007675859657481077,45988.29105587236,44563.71772294265,48239.68023418141,43639.257019383374,182430.94603237978,0.018936341258283355
44,2006-09-29,0.011969597736734228,0.004990177142999874,0.0371158357589958,-0.0024751950827819336,0.0009042908600618293,46542.05998448596,44786.65435253944,50063.778346374405,43531.37491469937,184923.86759809917,0.013572490366500593
45,2006-10-31,0.03769469032490713,0.02021626704278323,0.023756514943966023,0.017038634578998346,0.0008708266461709968,48006.89003902359,47175.09569692327,47342.40321074606,47025.42850096168,189549.8174476546,0.024707664997780352
46,2006-11-30,0.028699563990580712,0.015401406742663326,-0.010763309584509217,0.024249096051264907,0.0010417509204636577,49404.628151206925,47907.28241355617,46835.574737344694,48179.690984345165,192327.17628645294,0.01454608607304494
47,2006-12-29,0.02278024736371309,0.015788845097336912,0.049173389943501844,0.02751917866552933,0.0010272354600262545,50542.99470908853,48669.68597238197,49196.20311516723,49523.96837887434,197932.85217551206,0.028729877797979288
48,2007-01-31,0.010048306968710063,0.01498690996880403,0.053595605440871275,0.01710565628470695,0.0011978718201217653,49982.942068930795,50230.39851821646,52207.652672823206,50336.93681397913,202757.93007394957,0.02408496205242902
49,2007-02-28,-0.0049065530877042685,-0.002061935284578209,0.013467049455473168,-0.04005556196569371,0.0011171966916472265,49738.29877863601,50126.93339300702,52915.49126412801,48360.51021049068,201141.2336462617,-0.00800548853334399
50,2007-03-30,0.020471849596572333,0.002832313133110942,0.06020216209285345,-0.02322009648281398,0.001202172552795533,50767.02781566101,50269.10981380564,56198.96265422451,47250.511508903255,204485.61179259443,0.016490298756008215
51,2007-04-30,0.04477069007051204,0.022069774440731438,0.06331744263979155,0.05160734593085348,0.001312150504720222,53462.15091361803,52262.182854518185,54462.952318470605,53828.90549991009,214016.1915865169,0.0455540587536994
52,2007-05-31,0.030662142713159035,0.02548150608913602,0.06482236039842659,0.05835965711623947,0.0011921996072123964,55126.8055343914,53611.0141282887,58110.307452484994,57063.81807892609,223911.94519409118,0.04520119897928159
53,2007-06-29,-0.00258727460260344,-0.000728884438685351,0.02065837515060731,0.023100210764252616,0.001450018488447613,54984.3617006261,53571.95213191848,59323.25763682873,58397.34740857974,226276.91887795305,0.010506681210574893
54,2007-07-31,-0.015131780637565817,-0.009305581138330798,0.00639873583599071,-0.04854232587812013,0.0014407564441392129,55719.68035197551,56045.26185616073,56932.361831136266,53888.81093163368,222586.11497090617,-0.016445493663523963
55,2007-08-31,-0.0023577667370306976,-0.02547188053130245,0.00800860076146015,-0.06946992072980995,0.0013932624190113874,55588.46109603012,54635.71179796803,57390.14102611466,50272.23548303107,217886.5494031439,-0.021339548561234847
56,2007-09-28,0.05402065678652446,0.012767386310736484,0.030480349544277585,0.061298714776647945,0.0015339325276677584,58673.976747650624,55337.739027068106,59166.344726516814,53450.26850923609,226628.32901047164,0.03933684673431624
57,2007-10-31,0.039201277308648086,0.02815914399819186,0.03446835692783834,0.06035565225507966,0.0013442381171535622,58922.220328473806,58275.172286491936,58644.005055713365,60181.96060074638,236023.35827142547,0.04061941737590764
58,2007-11-30,-0.04328968319552273,-0.024126583948346436,0.02567348177467177,-0.009632801828052817,0.001422782509066245,56425.917972698284,56886.016624616524,60169.094257498036,59605.02292501002,233086.05177982285,-0.012523069527261609
59,2007-12-31,-0.010556956558549158,-0.0013893582666822946,0.05375523157251294,0.013246424121538425,0.0014749317168860632,55833.36528765144,56807.03644574743,63492.009772908124,60399.82888500163,236532.24039130862,0.014676815321544646
60,2008-01-31,-0.0818041381623047,-0.020568549296833605,-0.007690415359285607,0.02611725980245727,0.0015245660666851624,54488.30123377861,57929.20208481457,58680.046468390065,60697.79798146504,231795.34776844826,-0.020229660968203066
61,2008-02-29,0.003175763261664244,0.017691096863362343,0.04435226034526152,0.07169071063277577,0.0012298845334690611,54661.61824025294,58963.152098475875,61341.21741653972,65209.04139127078,240175.02914653934,0.035513084970925195
62,2008-03-31,-0.014172735233733302,-0.024649348493651413,-0.006735983971467019,-0.013752396092558627,0.0013600894475849223,53892.3775956549,57527.515259682994,60929.412472068405,64318.399095160086,236667.7044225664,-0.014710879409499193
63,2008-04-30,0.05643660923806926,0.011951544031189698,0.023807398372310162,-0.017159267622179675,0.0012077372580354684,62602.130705751246,59878.30479733941,60592.438223208934,58160.32594551169,241233.19967181128,0.019107032886422286
64,2008-05-30,0.01673253125260521,0.014409442197878874,0.023443811971235018,0.025854928092037932,0.0011235784735159626,63658.43549569473,60747.36406185039,62029.73801562934,59683.665043201676,246119.20261637613,0.020051882922451057
65,2008-06-30,-0.08176969042699433,-0.008326928004099732,0.0105032263187399,0.05394540184604213,0.001067160926480737,58660.24001587087,60243.62534356014,62684.683893889975,62991.75012611972,244580.29937944072,-0.0062723042348385135
66,2008-07-31,-0.0256955862152477,-0.028237725784022616,0.0018594417532584728,-0.050472933146005206,0.0009078644720961204,59593.930431073684,59442.62674149712,61258.876320851574,58135.493651337594,238430.92714476,-0.025464023082296918
67,2008-08-29,-0.021142814204272775,-0.012754044776002837,0.01356344312781288,-0.028999227018103202,0.0009466941468374568,58347.1734511426,58689.30696707671,62095.41797383887,56473.81935602625,235605.71774808443,-0.011919934370696992
68,2008-09-30,-0.12460739254622144,-0.06902178217821775,-0.024473348065855327,0.009760668775098846,0.0009823028524953425,51511.41964302465,54775.102893624586,60594.18028187632,57027.740524053785,223908.44334257932,-0.05092248714044374
69,2008-10-31,-0.1979322518411616,-0.09346923495780024,0.05826239164963232,0.07313758019375505,0.0008581857364073908,45925.045427198995,50982.051384537364,59335.350827232374,60224.57263258514,216467.0202715539,-0.033799028692586074
70,2008-11-28,-0.0650853841879665,-0.0303801032379164,0.07549705911121052,0.02818668075486741,0.00018890733138499094,43031.19148375227,49456.501907601116,63988.43237374675,61946.253685537304,218422.37945063744,0.00899250410340071
71,2008-12-31,0.03687119072343914,-0.012205627558971033,0.05710470930060918,0.021059748750833496,6.299909862317321e-05,44647.41570931518,48856.523271419166,67748.8192906642,63264.66015149676,224517.4184228953,0.027522583169234525
72,2009-01-30,-0.08528418635710999,0.010955199310156427,6.373850905583289e-05,-0.0030962480454069796,6.29879985396542e-05,51540.85243232238,56747.64342749643,56132.93232111858,55955.832972869895,220377.26115380728,-0.018612390654579116
73,2009-02-27,-0.09734770866486542,-0.0037995541339536087,-0.0072804950026931214,0.005390633530512057,8.791757666593014e-05,46759.94851991654,56532.43678786249,55725.740864169515,56258.284833481506,215276.41100543007,-0.023418066154662374
74,2009-03-31,0.08302645183025281,-0.00028216155208315996,0.038772053220198055,-0.0296802226232179,7.498324216270724e-05,50807.98297881887,56516.487757962714,57928.77434743431,54613.062471605175,219866.30755582105,0.021096833710962624
75,2009-04-30,0.11887652518186775,0.016087747812630226,0.01106477678548945,-0.02459820605694496,1.1544506999250359e-05,61905.05453173063,55858.01671919402,55578.146996764925,53630.991549159764,226972.20979684935,0.03180791748048273
76,2009-05-29,0.10070485764004578,0.031493649546943114,0.022272117633790556,0.00492558796730358,1.4497321729534107e-05,68463.9062544759,57645.184018055385,56829.877627777234,53895.80736721198,236834.7752675205,0.04253516105800409
77,2009-06-30,-0.005193052344081628,0.00037143653078319794,0.021614339350644496,-0.031233404322805525,1.0700054430934358e-05,68109.29116989604,57666.59952222749,58071.588931345475,52238.47462490522,236085.9542483742,-0.0031667956095499713
78,2009-07-31,0.08829803613748588,0.015928710665552348,-0.005979490287659095,0.0018751423662901612,1.2525074527536262e-05,64469.97597384657,59969.152269967955,58669.62318067989,59132.26608517194,242241.0175096664,0.025737219026929548
79,2009-08-31,0.03616709165274079,0.012508451656524588,0.006329672289839605,0.01569995985023165,7.738917140232004e-06,66844.34571553701,60723.98456182023,59042.160444379224,60067.9662965528,246678.45701828928,0.018152524450622574
80,2009-09-30,0.04615950953094816,0.022190136714343334,0.010915607031150243,0.024015804310425493,6.05835054434678e-06,70002.16903855106,62086.519591235796,59690.17175021809,61528.008693004376,253306.86907300932,0.026515979859437017
81,2009-10-30,-0.01525841210047596,-0.000582657979765866,0.00927342233674544,-0.02937934105315565,5.641681368517837e-06,62367.78660354415,63289.83019841997,63916.704032847556,61493.284442729375,251067.60527754104,-0.008879428369519314
82,2009-11-30,0.04154375620940898,0.016580100346265114,0.016158522063386416,0.05171926627990553,8.47225563482823e-06,65013.351595204505,64347.92939024231,64957.89288747332,64757.35203505703,259076.52590797716,0.03140123828348279
83,2009-12-31,0.021189909505118232,0.0055437285484642995,0.024198999559130074,-0.030903030151131605,1.0838944390689775e-05,66405.67817196023,64705.64747326899,66548.98265581415,62786.759102426804,260447.06740347017,0.00527615951440222
84,2010-01-29,-0.04311131537340118,-0.00019010913992878464,0.005413341492258583,-0.038325524668755606,5.355568964970914e-06,62364.3605953521,65099.3896854157,65465.19483008929,62663.538703469036,255592.48381432611,-0.01881532837460405
85,2010-02-26,0.013048178755018736,0.0026361051330578977,0.022627930733343904,0.01973914528656384,9.430596843884587e-06,63183.4340075806,65271.22490907429,66963.42370698469,63912.75203881309,259330.83466245266,0.01452028446240011
86,2010-03-31,0.06482806388916873,0.013818250780131658,0.0365283799964744,0.04898231691490085,8.30281037211833e-06,67415.17969244366,66179.4194423537,69454.71347449107,67121.28594105727,270170.5985503457,0.040949005464015614
87,2010-04-30,0.0021270481655926154,0.008043602105281433,0.007819501785951477,0.020250547151153597,4.080563317243602e-06,67686.46900773715,68088.12669560759,68072.86983427012,68924.36831020434,272771.8338478192,0.009582066330202442
88,2010-05-31,-0.09406016600450706,-0.026434987980262115,0.015815215170944086,-0.04503503940582154,2.975003993599401e-06,61610.11902847293,66311.79991485599,69158.01520371193,65889.21378214295,262969.1479291838,-0.03659895523783514
89,2010-06-30,-0.03030084176247383,-0.00942636088753368,0.013195271250040053,-0.005438357510098579,1.1863953578217235e-05,59771.28043012957,65689.65783241525,70076.62127300072,65531.857278505275,261069.4168140508,-0.007250380277442046
90,2010-07-30,0.08160166100727828,0.012314904708176977,-0.008409057752113869,-0.01620628095802923,3.400054605084968e-05,70816.61417452552,66076.08495135841,64720.81839882133,64218.13803397179,265831.65555867704,0.018076897827838646
91,2010-08-31,-0.03461223994644402,0.0016761562454103984,0.02070473310312404,0.05446388830539828,7.1944655979372385e-06,68407.42673326546,66186.93166607649,66074.81436293703,67812.7060999839,268481.8788622629,0.009920186807491172
92,2010-09-30,0.09602860551463688,0.017147539569585923,0.028110554414227718,0.026392299200188596,1.4138872352909004e-06,75302.24904992468,67331.66129473776,67958.56664402936,69626.26606870505,280218.74305739684,0.04278710197621852
93,2010-10-29,0.03648179939286256,0.011236145620447724,0.05330739101961601,0.049454403991133544,6.085730508775811e-05,72657.5975263985,70846.26926054475,73890.4472187928,73606.29605104242,291000.6100567785,0.037754840207676
94,2010-11-30,-0.021896120928931118,-0.002725412585536824,0.03364209337921675,-0.03878905097952334,0.0001315304876072787,71083.96903563626,70653.44682636322,76418.56367184655,70805.84227249773,288961.82180634374,-0.007030788674793355
95,2010-12-31,0.07373192112908922,0.02360350815233425,-0.01771260728239843,0.05668011218631963,0.00013620325687835333,76523.18462036009,72340.95322467797,75076.90884396549,74935.04169067924,298876.08837968274,0.033734492450541796
96,2011-01-31,0.015791218525047945,0.00557791834387622,0.009799509643796833,-0.011494386560310765,0.00017537575254844562,75908.2917964932,75136.96323605698,75454.83126873497,73865.0898868398,300365.176188125,0.0049699210035819615
97,2011-02-28,0.02943201259908923,0.007295215221102769,0.006808442701717876,0.018594726970205144,0.0001838522668962117,78175.62806207014,75687.10782561924,75970.31399002112,75251.44052612639,305084.49040383694,0.015589767598914506
98,2011-03-31,-0.0005671955400434747,-0.008758982011646266,0.017986651070583726,-0.04077214583826205,0.00012885512658522558,78131.29976708726,75027.06069999422,77349.12847439908,72244.98413256198,302752.4730740426,-0.007673204862360009
99,2011-04-29,0.04123464367629004,0.004688190342164056,0.040259642948693664,0.04741007914206463,0.0001598177232884357,78874.33057456602,76043.791654411,78797.46552269705,79362.92098948419,313078.5087411583,0.03353843463725011
100,2011-05-31,-0.020794532752747785,-0.013933792092511887,0.008827407730086057,-0.050086149000901914,0.0001590731851455196,77251.11125897807,74991.56107683093,79496.12200499394,75485.84234949923,307224.63669030217,-0.018874790120034415
101,2011-06-30,-0.015353565470600739,-0.015939347890720712,0.023635850119400947,-0.03342100584381369,0.0001664048464984358,76074.09012183343,73805.72036616993,81397.46180605327,73004.72129110713,304281.9935851637,-0.009624313698434564
102,2011-07-29,-0.015983826095971376,-0.0010490625576983215,0.023523576097404186,0.0475828598075958,0.00018176301676353646,74864.26655968216,75990.73752906256,77881.16169731379,79777.64924748136,308513.8150335399,0.01381174173185306
103,2011-08-31,-0.07267787528034098,-0.03467222273563586,0.0048387446005200285,-0.011756850331387514,0.00017359212967194004,69616.30585470282,73401.12302017298,78258.9219536035,78845.20739556225,300121.55822404154,-0.02757903698347397
104,2011-09-30,-0.09401142338764601,-0.029851525647943244,0.018943073647430753,-0.010836924370504653,0.00018237972308443595,63369.79928849993,71242.36887171157,79755.51677579664,77995.38091556211,292363.0658515702,-0.026191180547139852
105,2011-10-31,0.10727120940480872,0.008136572412802412,0.02834803863292512,-0.04661263684021222,0.00026561419579018697,81367.28226269914,73687.90079591847,75192.39410601143,69761.99715689286,300009.5743215219,0.025817982431773575
106,2011-11-30,-0.02944473309039164,-0.008649302805684211,0.02933110512836068,-0.0012821170543244609,0.00030359397686186007,79006.3730960241,73053.30021135173,77430.53321292381,69672.61142432487,299162.81794462446,-0.002826421749503118
107,2011-12-30,-0.0015043286785663135,-0.004227741524320816,0.024467585217037735,0.016554741487154523,0.00030952071380108137,78887.61089427586,72745.10169145606,79348.43896330205,70835.62361720226,301816.7751662363,0.00883216170499034
108,2012-01-31,0.05829087604434946,0.017217134203505013,0.025869876318316942,0.010623417345178465,0.0002871085906774873,79983.20246437618,76764.54666411573,77431.65247505729,76260.04806695074,310439.44967049995,0.02816874473655502
109,2012-02-29,0.05073793562085527,0.01422292327596919,0.02122562056735866,0.015369986586067697,0.00046507283981855885,84146.1004460634,77864.16427319436,79092.7539413376,77441.21801304458,318544.23667363997,0.02577248277881194
110,2012-03-30,0.007143452964361252,-0.00023590881687340914,-0.003857422586224346,-0.022480572109249697,0.00044115074621053907,84749.34622039553,77845.79759683946,78788.2474485696,75719.7177821281,317103.10904793267,-0.004534369897395876
111,2012-04-30,-0.011124627424265454,0.0011798224148777958,0.004077752042799476,0.007231145648675108,0.0005659030941491672,78398.75111558415,79369.3637978442,79599.70422271431,79851.10960276985,317218.9287389125,0.0003651763153965321
112,2012-05-31,-0.08891526244244952,-0.016864672352237875,0.050436380795199076,0.029522331674376234,0.0006024926217091942,71728.8283000579,78042.04930371784,83717.39302204223,82243.64336383659,315731.91398965457,-0.004698682376844034
113,2012-06-29,0.049862520178415304,-0.0029477833911935036,-0.011372381454551106,-0.04743527622276744,0.0006229485862159212,75396.07781689096,77812.33698438448,82770.72006006264,78433.4760068859,314412.61086822394,-0.004187309409380265
114,2012-07-31,0.013972630028162847,0.0054143105213948495,0.05967222200301325,0.051768823078123916,0.0006560557525776556,79709.1543709072,79029.88879216583,83436.34714728818,82779.51543149468,324954.90574185585,0.03298025048467755
115,2012-08-31,0.022230694731878886,0.005119438810305965,-0.004749392309619349,-0.02001559178776746,0.0005988067893925031,81500.98730089086,79435.51487506917,83041.01473927013,81139.10608934272,325116.62300457293,0.0004975368367999345
116,2012-09-28,0.03188610809922676,0.0038596769503267403,-0.01423171793944178,-0.02071786323335334,0.0006572088307712498,84141.6124939024,79742.7027424847,81867.5683252152,79475.37121229139,325227.2547738937,0.0003402254535426004
117,2012-10-31,-0.00643296816877037,-0.005205452997304794,-0.009901658400824465,-0.04858023086194052,0.0007508606004695828,80785.44831050979,80884.67456234992,80505.71405128507,77451.31856532929,319627.15548947407,-0.017369006033553562
118,2012-11-30,0.01324195683422369,0.004112030778462339,0.03450862492513074,0.0011481944550637557,0.0007675859657481077,81862.31993798578,81217.95960320858,83332.34664250388,77540.2988133815,323952.92499707977,0.013443034621240336
119,2012-12-31,0.023293391832969856,0.00915705849268833,0.008644019126989644,0.012745523496129119,0.0009042908600618293,83791.55299358592,81965.09276026975,84055.79528813202,78534.91550455599,328347.35654654365,0.01347384986860455
120,2013-01-31,0.0462371795177452,0.019584791960568948,0.030220171670798823,0.026821945753763954,0.0008708266461709968,85971.41697759634,83710.33886334275,84605.38122390579,84318.36098073226,338605.49804557714,0.030763645264165886
121,2013-02-28,0.00022407559323078807,0.004330261438466154,0.026972640741646847,-0.00904409297645925,0.0010417509204636577,85990.6832323246,84073.61248294682,86918.4665526586,83559.21594808316,340541.9782160132,0.005702694881740808
122,2013-03-29,0.018837308201987923,0.007160472829321973,0.04310654695210325,0.018908691048735937,0.0010272354600262545,87625.8691325255,84677.77978113346,90747.14931372323,85154.24376746122,348205.04199484346,0.02225310536637642
123,2013-04-30,0.028866029712953267,0.0062060929478520155,0.05245967166094889,0.03856061843322944,0.0011978718201217653,89600.70390129884,87593.18860129247,91739.84668151339,90473.57007760917,359407.3092617139,0.03166480414483931
124,2013-05-31,-0.0020451371846583744,0.007485293747430566,0.034030630632377434,-0.036585012989246435,0.0011171966916472265,89417.64542363337,88251.30938910418,94915.54047879255,87223.40943605492,359807.90472758503,0.0011139795140753725
125,2013-06-28,-0.028844133080755174,-0.013260147094344865,-0.031110312935006545,-0.028689548546152688,0.001202172552795533,86875.31291049503,87088.80854506983,92008.14775083367,84756.56472783776,350728.83393423626,-0.02555691905798053
126,2013-07-31,0.0482777205109024,0.010070314940024971,0.03695405980993094,-0.007865526033940973,0.001312150504720222,92019.15219262276,88569.65688029175,90983.03592109085,86995.24698843525,358567.09198244056,0.02210241692532778
127,2013-08-30,-0.020431923951948927,-0.008641149924787261,-0.0024220130411365393,-0.025280515709874107,0.0011921996072123964,90158.10104363627,87807.61041706607,90762.94046619149,84823.5290170635,353552.18094395736,-0.014084702193079378
128,2013-09-30,0.052085818595558164,0.009567885623724903,0.011258778674903436,-0.0059472063792750385,0.001450018488447613,94978.50720279134,88651.77558845734,91790.59453419894,84320.56308773268,359741.4404131803,0.0173544655999097
129,2013-10-31,0.040449748395590124,0.012007247768472062,0.039104839023164306,0.02548162043377733,0.0014407564441392129,93647.80025447675,91021.74545188303,93521.93710644273,92256.50650428828,370447.98931709083,0.02932750283969389
130,2013-11-29,0.014516513290317556,0.005519847523494548,0.03694212810356001,0.027024078377464456,0.0013932624190113874,95017.1548719037,91525.56082089157,97041.44529564153,94783.64658689013,378367.8075753269,0.02115370326954044
131,2013-12-31,0.01776899341702798,0.005588013260248825,0.01092886495589207,0.006460953655703872,0.0015339325276677584,96720.60353544187,92038.43851750727,98107.81463574142,95398.02192289167,382264.8786115822,0.010247009382396434
132,2014-01-31,-0.039803628904356514,-0.0024398403903741483,0.04529272331132783,-0.04508147155872688,0.0013442381171535622,91837.04695316794,95333.33754334504,99994.194571153,91353.6223112787,378518.2013789447,-0.009849607914228545
133,2014-02-28,0.04872103244379744,0.015926380368097792,0.009219937936242317,0.006425950283509785,0.001422782509066245,96422.23323503761,96863.80761293348,100920.39804720768,91942.54631813674,386148.9852133155,0.019959107143259783
134,2014-03-31,0.005059138676843489,-0.002278637970321573,0.0038589854884212293,-0.02079114814636862,0.0014749317168860632,96911.28272600529,96643.34133975925,101310.60080791912,90050.69029528623,384915.9151689699,-0.0031983587759598676
135,2014-04-30,0.00988184392146585,-0.007279242054973767,0.021656081386152604,0.010802525387056505,0.0015245660666851624,97184.61247632226,95531.04804811273,98335.65017956821,97274.12974989384,388325.44045389706,0.0088188438376716
136,2014-05-30,0.021916155608973975,0.004511754950736746,-0.018547957981968177,0.02963449601615542,1.1544506999250359e-05,99338.03676371336,95963.03450281535,96528.53562203022,100199.93786686067,392029.5447554196,0.009493454110659577
137,2014-06-30,0.01920716545432688,0.00929859914054676,0.008305276573580711,0.01392627582692163,1.4497321729534107e-05,101264.48040848866,96859.51785317506,97333.57019757248,101605.11154755513,397062.6800067913,0.012756946148517885
138,2014-07-31,-0.011818200930893252,-0.008828057346290441,0.015471685897057608,-0.010665160976041754,1.4497321729534107e-05,98099.43335158883,98393.20373180475,100813.41954168402,98212.61115451672,395518.6677795943,-0.0038961658249924863
139,2014-08-29,0.022502965931317842,0.010856287667353692,0.019817634580018062,0.05505822023735796,1.4497321729534107e-05,100331.9868863578,99467.20795704266,102831.23113841115,103771.6539925363,406402.0799743479,0.027145027750394308
140,2014-09-30,-0.03202766429040527,-0.007650631817344711,-0.02366655673824869,0.033340432699283884,1.4497321729534107e-05,97169.50153002953,98709.1245771622,100426.14231541195,107289.76767072435,403594.53609332803,-0.006932263835827291
141,2014-10-31,0.007302645171427313,-0.013241828694929847,0.03731973974388558,0.01765477282413097,1.4497321729534107e-05,101638.15789963855,99571.35876614954,104735.29102008425,102695.79403147388,408640.6017173462,0.01242529486825927
142,2014-11-28,0.017164887376440063,0.0032935869041097465,0.037666770811676686,0.07290278955637164,1.4497321729534107e-05,103397.82446787284,99899.84634365296,108755.57139752584,110462.26304482047,422515.5052538721,0.03339009961885291
143,2014-12-31,-0.01878543531822474,-0.007502321565305059,0.05998712173364096,0.02349792182074939,1.4497321729534107e-05,101473.58177981079,99153.16997737018,115479.15316944657,113088.63293795884,429194.53786458634,0.015684139408620935
144,2015-01-30,-0.015382272546181186,-0.0028725962524925874,0.009052413704182527,0.0511505859936876,1.4497321729534107e-05,105660.76698406997,106990.85109121371,108274.3557485374,112929.81383464357,433855.78765846463,0.01080190802158232
145,2015-02-27,0.05606820195001072,0.020166102838893307,-0.024465631676688804,-0.002049976791396846,1.4497321729534107e-05,111754.20401891544,109170.34165160077,105657.49731718068,112698.54746356203,439280.59045125893,0.012426174724106391
146,2015-03-31,-0.014821560494695407,0.003332230658135593,0.0203870259141532,0.02597067817618881,1.4497321729534107e-05,110110.04690928587,109534.72918549468,107833.64668743836,115663.74257372785,443142.16535594675,0.008752266483748099
147,2015-04-30,0.029326289962445573,0.002139054634349824,0.009663341715090201,-0.03912548181421227,1.4497321729534107e-05,114082.57889472907,111022.77129807363,111861.28917037,106534.70393924165,443501.34330241435,0.0008101970241877412
148,2015-05-29,-0.0007321669428161925,0.002591879313111445,0.01647395625124326,-0.008874889285934051,1.4497321729534107e-05,113999.08197228436,111310.90216119585,113719.34993868125,105593.40338412512,444622.73745628656,0.0025253109877619944
149,2015-06-30,-0.023097894517863038,-0.012429667928575139,-0.03697998839382277,-0.048637077136885365,1.4497321729534107e-05,111396.12039281969,109935.9076755561,109590.81672963654,100580.54247837458,431503.38727638684,-0.029950781103697793
150,2015-07-31,0.00901691708677288,-0.0002755490720481868,0.0241184433489543,0.04006299877167363,1.4497321729534107e-05,108852.95300799928,107846.12582459358,110509.27374439823,112285.41726499105,439493.7698419821,0.01834818097024195
151,2015-08-31,-0.06815752268851705,-0.022147281040241773,0.007757261933452053,-0.021325209719934124,1.4497321729534107e-05,101680.9931025353,105483.88255594241,111369.85669512252,109916.25838179297,428450.9907353932,-0.025447183982583905
152,2015-09-30,-0.03573283567666863,-0.020708979970818553,0.020767499695445668,0.022886318366615255,1.4497321729534107e-05,98111.7914973314,103321.88261761286,113706.91357920256,112460.84389516713,427601.43158931396,-0.001984830374474039
153,2015-10-30,0.07876564946355424,0.01462844758986126,0.032521814107113745,-0.026037976195215196,1.4497321729534107e-05,115660.92097216968,108475.63804039598,110434.10189221382,104152.8143883844,438723.47529316385,0.02567779067124227
154,2015-11-30,-0.007809548052181481,-0.007217114155555704,-0.040757342504158856,0.034129226164180126,6.085730508775811e-05,114761.17931280007,107695.57526452013,106023.59223393862,107768.82416559978,436249.1709768586,-0.005655744605059761
155,2015-12-31,-0.01756792299883747,-0.013295346628679927,0.015028214981215982,-0.02171123805472297,0.0001315304876072787,112762.66998045826,106273.20168811109,107628.97034069672,105454.2466602053,432119.0886694713,-0.009512354704274207
156,2016-01-29,-0.06005964818947962,-0.027647414549388016,0.02710725205775022,0.037576952430341315,0.00013620325687835333,101732.53965563116,105083.93826039512,110998.21381308348,112166.4366539826,429981.12838309235,-0.0049598982276340174
157,2016-02-29,-0.006374471031468931,-0.003197238987044493,0.027708580293147378,0.024097554068882587,0.00017537575254844562,101086.11103779486,104748.49632584232,114116.82332647913,114902.20368772674,434853.63437784306,0.011268181531088408
158,2016-03-31,0.0747727013732491,0.012399381349080585,-0.012158443212270331,-0.029153062825723497,0.0001838522668962117,108934.35351900054,106055.39852283274,112737.7411455323,111600.80922316913,439328.3024105347,0.010237473288489979
159,2016-04-29,0.015217353623346641,0.004079613217947031,-0.024984103908234134,-0.03665080836062573,0.00012885512658522558,111516.21067658036,110281.06321519884,107122.01480173723,105879.51594141127,434798.80463492766,-0.010363569049344306
160,2016-05-31,0.001958524441871168,0.004590368007469703,-0.025669338874424463,-0.026944214595805316,0.0001598177232884357,111734.83191849559,110788.457552015,104407.25560442932,103064.76643801549,429995.3115129554,-0.011109100843656303
161,2016-06-30,-0.005558748650610679,0.001970604433429779,0.05188114967830226,0.05364949739439662,0.0001590731851455196,111115.44916376208,111006.99303041157,109967.0000060769,108745.15186039686,440834.59406064736,0.02489542976325765
162,2016-07-29,0.04355722565803455,0.014531463366456165,0.03564302931161634,0.017184184336089148,0.0001664048464984358,115115.11175081719,111821.83403985543,114207.66375126067,112118.85995313094,453263.46949506423,0.027803831844478835
163,2016-08-31,0.003827069307513087,0.0015914805001311372,-0.002180069169478549,-0.03392560358055352,0.00018176301676353646,115556.50935269443,111999.9379951127,113958.95434495626,108378.95786962654,449894.3595623899,-0.0074607681009422
164,2016-09-30,0.006544035447755281,0.005535975388152092,0.007812997812590927,-0.018833347088869967,0.00017359212967194004,116315.19497138912,112621.68629908866,114852.80267658597,106356.91997653944,450146.6039236032,0.0005605175276479049
165,2016-10-31,-0.016710879098532083,-0.005715630568536967,0.05032324007680544,-0.038718693360928924,0.00018237972308443595,110671.69057565472,111895.26775932837,118344.77605176764,108262.65460614699,449174.3889928977,-0.0021621096740741673
166,2016-11-30,0.00814053784755342,0.008724174077705316,0.00578607989794766,-0.0125175691663173,0.00026561419579018697,111576.29464773489,112875.73220630139,119031.5132236582,106915.91587155825,450399.4559492527,0.0027236623665144325
167,2016-12-30,0.022018622871636584,0.00856491569172979,-0.00419837029572212,0.006535438032673646,0.00030359397686186007,114060.29780839554,113846.65533828498,118532.82243109672,107616.9464903304,454056.7220681076,0.008087259816390403
168,2017-01-31,0.02756008831344081,0.005018862280424585,-0.009813710916762308,-0.011650155692784159,0.00030952071380108137,116686.15047075195,114085.32460379649,112405.63354115844,112199.39623232235,455376.50484802923,0.0029024312447789016
169,2017-02-28,0.02846056407810882,0.01122778007441072,0.01963193463834867,0.028527257611148604,0.0002871085906774873,120054.81377948605,115373.4674984891,114634.17732949021,115446.22873855078,465508.6873460162,0.022006198982464708
170,2017-03-31,0.012946700409394829,0.00027798672204570885,0.030571277239698436,-0.02465976149720739,0.00046507283981855885,121619.23266563257,115405.54424877884,118192.80935419105,112634.16715674309,467851.7534253455,0.005020720611043966
171,2017-04-28,0.015995600231220042,0.004250380082065464,0.013819653851127267,-0.01030391192679092,0.00044115074621053907,118848.873884543,117461.13330879637,118590.54626308844,115763.9502826585,470664.5037390863,0.005994054367837312
172,2017-05-31,0.022723032965584533,0.0024417639302627414,0.0012690775151222855,-0.0031709282661226412,0.0005659030941491672,121580.39748309448,117748.2961165335,118741.1423977292,115397.4524767234,473467.2884740806,0.005937291788330584
173,2017-06-30,0.004970658692826424,0.002135398905507291,0.0007645437568875035,-0.037002501369092555,0.0006024926217091942,122186.23660507581,118000.00435228403,118831.95990939207,111205.49286556419,470223.6937323161,-0.006874300117708889
174,2017-07-31,0.028301209926430593,0.009268786712579136,0.004926293440271623,0.012783867278741035,0.0006229485862159212,120930.42429565731,118650.58949036108,118136.46719795253,119068.38974222759,476785.87072619854,0.013858956178069962
175,2017-08-31,0.004324425713675195,0.0029301029951267488,0.01938611206243368,0.026045217066034354,0.0006560557525776556,121454.51130298173,118998.75777336479,120449.0172418446,122210.28992706038,483112.5762452515,0.013182221838633138
176,2017-09-29,0.02167506488808746,0.005963148542430297,0.011898390864837127,-0.028824491931484175,0.0005988067893925031,124115.78314652348,119710.48500088898,121890.72673104919,118737.9253976898,484454.92027615145,0.002774679589660157
177,2017-10-31,0.020975869586486562,0.006898527200248417,0.03443282007074244,0.05549592891863453,0.0006572088307712498,123681.02739223337,121952.12495027986,125356.6459251705,128025.0503965947,499014.8486642784,0.029611468954729343
178,2017-11-30,0.01877704835966254,0.0006637902422836905,-0.02765333774239931,0.005763149582725946,0.0007508606004695828,126025.33271322798,122033.10245391264,121937.60803928562,128765.00810778163,498761.0513142079,-0.0005087261689716044
179,2017-12-29,0.016394053453847368,0.0073442312248281905,0.030266870292526393,0.014217088419981039,0.0007675859657481077,128108.42728108329,122932.64094148963,125684.69810045838,130608.74685639313,507334.5131794244,0.017043449352377307
180,2018-01-31,0.05277003510864087,0.024451238632800854,0.0011230135311042222,0.05416907362378853,0.0009042908600618293,133706.38636180633,129973.09309585825,126976.14418428844,133893.5776594327,524549.2013013858,0.0333686542060855
181,2018-02-28,-0.04101965779263872,-0.024219652736858777,-0.03522454319667068,-0.08939253641596501,0.0008708266461709968,128332.76172650215,126863.00457573522,122581.32466687291,122443.87373781858,500220.9647069288,-0.04748929932651885
182,2018-03-30,-0.020751914561733753,-0.009810687453926992,0.004772986292015391,-0.0025548735673277534,0.0010417509204636577,125697.05379906537,125624.47662764523,123167.80216028563,122131.4443999984,496620.77698699466,-0.007223219539521108
183,2018-04-30,0.01001607644076219,0.0009266372571534731,0.011870629495255747,0.004087673690285509,0.0010272354600262545,125404.9907429953,124270.2943952138,125637.7767418994,124663.73884185524,499976.8007219638,0.006734988115187821
184,2018-05-31,0.003229910299890504,0.0026349105871183998,-0.003200608681319772,-0.027513733199313162,0.0011978718201217653,125810.69245161666,124598.16727774976,125236.30220712013,121280.52977057162,496925.69170705817,-0.006121197539218031
185,2018-06-29,-0.005011643357794693,-0.0018545847703077545,-0.029270417383091885,0.010614418016401617,0.0011171966916472265,125181.7514608242,124367.30355864794,121623.71229960794,122574.70833615861,493747.47565523867,-0.0064162976451778144
186,2018-07-31,0.030551353115378488,-0.0014864245165170376,-0.018496708117972882,-0.007188709153900019,0.001202172552795533,127266.23052164917,123253.52562235319,121174.6792060888,122552.69899216542,494247.1343422566,0.0010114604362412448
187,2018-08-31,0.008279700550829494,0.004521339773537303,-0.030103260316051483,0.039261597871533827,0.001312150504720222,128324.33113401651,123812.05839671785,117581.28410727537,127460.01801224984,497177.69165025954,0.005911826628383248
188,2018-09-28,0.006489031138097401,-0.00688154752051473,-0.000985486002133884,-0.010712536441324083,0.0011921996072123964,129159.73927783773,122962.96472326225,117465.46647537558,126101.885434918,495690.05591139355,-0.0029966465438183514
189,2018-10-31,-0.07472990434820648,-0.031058513509223507,0.011042380866197243,-0.042941638678873684,0.001450018488447613,114999.36178566563,120132.8206571256,125298.49665590563,118713.71571223845,479144.3948109353,-0.03394884159750438
190,2018-11-30,0.015201622896448885,-0.00616833913577719,-0.013108095067338787,-0.01763643674662163,0.0014407564441392129,116760.89386760206,119394.08141737629,123666.78969845596,116638.38330152987,476460.14828496415,-0.0056179171711799565
191,2018-12-31,-0.06620819660804012,-0.019254545754273544,-0.002024226334048862,0.009038005882290978,0.0013932624190113874,109280.72224744815,117117.19318184927,123416.7133170899,117697.3399155185,467511.96866190585,-0.018959135540526684
192,2019-01-31,0.07913646480794645,0.021254601381675453,0.018534662481006547,-0.03228612520151908,0.0015339325276677584,126503.1303239055,119388.77562856137,119064.48667641993,113164.72080121511,478121.1134301019,0.022439125957246075
193,2019-02-28,0.02382466241481529,0.006328436818499261,0.016514574498482038,0.008826903150753074,0.0013442381171535622,129553.21403436916,120146.71571035736,121047.11205894532,114168.03640225863,484915.0782059305,0.014109703349568443
194,2019-03-29,0.013240459604513477,-0.0017009584246505671,-0.00691259274831868,0.0545947681882204,0.001422782509066245,131279.96438930993,119942.52485138805,120213.24807143777,120574.29691468364,492010.0342268194,0.014525331930608912
195,2019-04-30,0.034147554708270134,0.0066188276155838555,0.0007578231630296361,0.0420757126409077,0.0014749317168860632,127275.2806231373,123819.34121235392,123095.75803564467,128288.3497283456,502478.72959948145,0.02105419882777029
196,2019-05-31,-0.059542897108276316,-0.006843852739168432,-0.025929087052179667,-0.02635717550701311,0.0015245660666851624,119918.1476988132,122974.83301597844,119945.02178961484,124951.20324772145,487789.2057521279,-0.02966995277450549
197,2019-06-28,0.06594518610183897,0.01611727014249076,-0.00013661485600724443,0.02745282112931191,0.0012298845334690611,128092.74778966254,124972.91014224204,119928.63663698739,128428.98532643741,501423.2798953294,0.027567257326057793
198,2019-07-31,0.0019012816739538696,0.007700991855495998,0.04503540489687041,0.04728437830757892,0.0013600894475849223,125594.38341335519,126324.91081347631,131130.32266769547,131425.56314626487,514475.18004079186,0.025696698745449404
199,2019-08-30,-0.023268577414550462,0.0038330732605125206,-0.01526530955032035,0.06517831971983168,0.0012077372580354684,122705.7186718245,126810.05264935801,129143.77888048459,140276.98766932532,518936.53787099244,0.008634284805075986
200,2019-09-30,0.022347576048857398,0.004472115047351455,0.015348965688980254,-0.0550504739052442,0.0011235784735159626,125478.76406566944,127378.43177509766,131141.29298301178,132763.3841730799,516761.8729968588,-0.0041994233981496034
201,2019-10-31,0.02760315218142506,0.0030554343081619084,-0.0051206060235582385,-0.04146957223756742,0.001067160926480737,132806.20570376073,129585.80489320222,128530.62559822696,123942.56108476622,514865.19727995613,-0.003677061039969568
202,2019-11-29,0.025415103298232378,0.010285623862646975,-0.006072438791884016,0.009006265832171678,0.0009078644720961204,136224.74641421073,130925.55400656008,127752.49620405205,125063.86252793639,519966.6591527593,0.009859578959940456
203,2019-12-31,0.035822930435619904,0.01216226799279485,-0.04124491019813736,-0.005509983717687961,0.0009466941468374568,141193.17657917473,132527.6283620311,122590.5399299187,124376.65766416422,520688.00253528875,0.0013863263666901943
204,2020-01-31,-0.01052169966557881,0.0041008023645383584,0.010851378054624439,0.00853186533716821,0.0009823028524953425,128809.55015494188,130706.90630342864,131592.23805508227,131287.3619041393,522396.0564175921,0.003275010090153798
205,2020-02-28,-0.08042660935774726,-0.014371248256570546,-0.017332267856493,-0.004969263058906548,0.0008581857364073908,118855.48563922022,128841.9181066019,129331.09808409738,130636.57876202118,507665.08059194067,-0.028604088985008977
206,2020-03-31,-0.134447519880884,-0.058815711292491746,-0.08637112721162121,0.01819692945087703,0.00018890733138499094,103903.31765720379,121482.53414669292,118629.43473725753,133035.52389091632,477050.8104320706,-0.06219893394044778
207,2020-04-30,0.10709232841765148,0.02879096232919376,-0.0051536847674045205,0.0019161153340543358,6.299909862317321e-05,132743.80247370678,122746.29798604171,118649.64135342401,119491.4427775539,493631.1845907264,0.03416564241622475
208,2020-05-29,0.03878888927432822,0.01442862794809896,-0.011269878763702557,-0.014381587009904107,6.29879985396542e-05,137993.9526209154,124530.19731317146,117319.98090935142,117785.26438015931,497629.3952235976,0.008066965228999459
209,2020-06-30,0.03235280956960329,0.017526544516786258,-0.01941495176508823,-0.017282274119535423,8.791757666593014e-05,142531.44929689277,126732.0201705657,115064.18805151312,115767.15613381701,500094.8136527885,0.0049420940682075734
